Nombre,Latitude,Longitude,Marca,Distrito,Zona,Direccion,Premium_con_descuento,Premium_lista,Descuento,Regular_lista,Diesel_lista,Codigo_Osinergmin,Actualizado
"Repsol S/ 20.99","-12.050052","-77.1137","Repsol","CALLAO","Callao","AV. REPUBLICA DE ARGENTINA Nº 2920","20.99","23.99","3.00","22.39","27.99","8003","2026-09-28"
"Repsol S/ 20.99","-12.061564","-77.1339","Repsol","BELLAVISTA","Callao","AV. ALMIRANTE GRAU N° 1300, ESQUINA CON LA CALLE VIGIL N° 335-355 (AV. BUENOS AIRES, ESQUINA CON LA CALLE VIGIL)","20.99","23.99","3.00","22.39","27.99","9535","2026-09-28"
"Repsol S/ 20.99","-12.053349","-77.09552","Repsol","BELLAVISTA","Callao","INTERSECCION DE AV. OSCAR R. BENAVIDES N° 4600 Y AV. SAN JOSE URB. SAN JOSE","20.99","23.99","3.00","22.39","27.99","14583","2026-09-28"
"Independiente S/ 21.19","-12.058858","-77.12862","Independiente","CALLAO","Callao","AV. GUARDIA CHALACA MZ. 24 LOTE 17, ESQUINA CON AV. SAENZ PEÑA, URB. SANTA MARIA","21.19","21.19","0.00","19.99","23.99","117443","2026-09-28"
"Repsol S/ 21.39","-12.014078","-77.09527","Repsol","CALLAO","Callao","AV. TOMAS VALLE, ESQ. CON AV. LOS DOMINICOS - URB. JORGE CHAVEZ","21.39","24.39","3.00","22.19","27.99","15211","2026-09-28"
"Repsol S/ 21.39","-11.941226","-77.13078","Repsol","CALLAO","Callao","AV. CORONEL NESTOR GAMBETTA N° 10548","21.39","24.39","3.00","22.19","27.99","9531","2026-09-28"
"Repsol S/ 21.39","-12.050311","-77.12641","Repsol","CALLAO","Callao","AV. NESTOR GAMBETTA N° 115","21.39","24.39","3.00","22.39","27.99","20125","2026-09-28"
"Repsol S/ 21.39","-12.05","-77.09849","Repsol","CARMEN DE LA LEGUA REYNOSO","Callao","AV. ELMER FAUCETT N° 377","21.39","24.39","3.00","22.39","27.99","18553","2026-09-28"
"Repsol S/ 21.39","-11.921436","-77.12796","Repsol","VENTANILLA","Callao","AUTOPISTA HACIA VENTANILLA (AV. NESTOR GAMBETTA), SUB PARCELA A6-2B-1","21.39","24.39","3.00","22.99","27.99","150207","2026-09-28"
"Primax S/ 21.45","-12.063315","-77.142944","Primax","CALLAO","Callao","AV. MARCO POLO S/N ESQ. JR. ALBERTO SECADA N* 474","21.45","22.45","1.00","21.15","25.45","21057","2026-09-28"
"Independiente S/ 21.49","-12.049962","-77.13469","Independiente","CALLAO","Callao","AV. CONTRALMIRANTE MORA N° 215 - 221","21.49","21.49","0.00","20.39","24.59","9634","2026-09-28"
"Independiente S/ 21.49","-12.059167","-77.12747","Independiente","BELLAVISTA","Callao","ESQ. AV. GUARDIA CHALACA Y AV. SAENZ PEÑA N° 1513 - 1531","21.49","21.49","0.00","20.46","24.58","15727","2026-09-28"
"Primax S/ 21.89","-11.964085","-77.12633","Primax","CALLAO","Callao","AV. NESTOR GAMBETTA Y AV. LOS ALISOS MZ. A LOTES 06 Y 07 SECCION C PARCELA 2, EX FUNDO OQUENDO KM 8.5 CARRETERA A VENTANILLA","21.89","22.89","1.00","21.45","25.95","147378","2026-09-28"
"Primax S/ 21.89","-11.981011","-77.124756","Primax","CALLAO","Callao","AV. NÉSTOR GAMBETTA ESQUINA CALLE Nº 01 MZ A LOTES 01 Y 02 PROGRAMA DE VIVIENDA “ACUARIO”","21.89","22.89","1.00","21.45","25.95","158979","2026-09-28"
"Independiente S/ 21.92","-12.059526","-77.1431","Independiente","CALLAO","Callao","AV. DOS DE MAYO Nº 285, ESQ. CON JR. SUCRE","21.92","21.92","0.00","20.95","24.93","6890","2026-09-28"
"Independiente S/ 21.95","-12.051473","-77.13764","Independiente","CALLAO","Callao","AV. ARGENTINA N° 498, URB. CHACARITAS","21.95","21.95","0.00","20.95","24.95","9525","2026-09-28"
"Independiente S/ 21.99","-11.833459","-77.157715","Independiente","CALLAO","Callao","ESQUINA AV. 200 CON CALLE 32 MZ K, LOTE 1 Y 26, ASENTAMIENTO HUMANO JAIME JOSHIYAMA.","21.99","21.99","0.00","20.99","24.89","106020","2026-09-28"
"Independiente S/ 21.99","-12.0503","-77.1212","Independiente","CALLAO","Callao","AV. ARGENTINA N° 2045","21.99","21.99","0.00","","24.89","6768","2026-09-28"
"Primax S/ 21.99","-12.048769","-77.1006","Primax","CALLAO","Callao","AV. ARGENTINA N° 4247","21.99","22.99","1.00","21.15","25.99","9588","2026-09-28"
"Primax S/ 21.99","-11.985128","-77.12203","Primax","CALLAO","Callao","MZ D. LOTE 1, URB. PROGRESIVA LAS ORQUIDEAS II ETAPA","21.99","22.99","1.00","21.35","25.95","171382","2026-09-28"
"Primax S/ 21.99","-11.903967","-77.129234","Primax","VENTANILLA","Callao","PARCELA “A” ALTURA KM 8 DE LA CARRETERA CALLAO - VENTANILLA","21.99","22.99","1.00","21.49","25.99","171680","2026-09-28"
"Independiente S/ 22.00","-11.843777","-77.15197","Independiente","VENTANILLA","Callao","AV. CAMINO DEL INCA Y LA CALLE N° 13, MZ.I, LT.9,10, 11 Y 12 SECTOR E, BARRIO X, UPIS PROYECTO ESPECIAL CIUDAD PACHACUTEC.","22.00","22.00","0.00","20.80","24.70","64466","2026-09-28"
"Independiente S/ 22.00","-11.83501","-77.15105","Independiente","VENTANILLA","Callao","AV. G (AV. 200) ESQ. CON CALLE 19 Y CALLE 20 PROYECTO PILOTO NUEVO PACHACUTEC","22.00","22.00","0.00","20.80","24.70","167244","2026-09-28"
"Independiente S/ 22.00","-11.836557","-77.138245","Independiente","VENTANILLA","Callao","AV. LOS ARQUITECTOS S/N MZ A LOTES 10-12 SECTOR G BARRIO XV GRUPO RESIDENCIAL 4, PROYECTO ESPECIAL PACHACUTEC","22.00","22.00","0.00","20.80","24.70","124175","2026-09-28"
"Independiente S/ 22.00","-11.888504","-77.12589","Independiente","VENTANILLA","Callao","AV. NESTOR GAMBETA KM. 6.5","22.00","22.00","0.00","20.80","24.70","105730","2026-09-28"
"Primax S/ 22.09","-12.075922","-77.11469","Primax","LA PERLA","Callao","AV. LA PAZ N° 2326","22.09","23.09","1.00","21.75","26.35","15725","2026-09-28"
"Independiente S/ 22.19","-11.85229","-77.15391","Independiente","VENTANILLA","Callao","URB. POPULAR DE INTERES SOCIAL PARCELA MINI PARQUE INDUSTRIAL CERRO CACHITO MZ B LOTE 7","22.19","22.19","0.00","20.89","24.79","174638","2026-09-28"
"Independiente S/ 22.20","-12.066894","-77.128654","Independiente","BELLAVISTA","Callao","AV. JOSE GALVEZ N° 501","22.20","22.20","0.00","21.00","24.90","16712","2026-09-28"
"Independiente S/ 22.30","-11.838066","-77.13936","Independiente","VENTANILLA","Callao","ESQ. AV. LOS ARQUITECTOS Y AV. 225, MZ. A, LOTES 01, 23 Y 24. AA.HH. UPIS - CIUDAD PACHACUTEC","22.30","22.30","0.00","21.00","24.80","44489","2026-09-28"
"Independiente S/ 22.38","-11.978011","-77.1246","Independiente","CALLAO","Callao","AV. NÉSTOR GAMBETA KM. 7.1, MZ. B-6, LOTES 1,2,3,4,5,6,7,8,43,44,45 Y 46, ESQUINA CON CALLE BRASILIA COOP. DE VIVIENDA DE LOS TRABAJADORES DE ENAPU","22.38","22.38","0.00","21.27","24.95","39856","2026-09-28"
"Independiente S/ 22.39","-11.938191","-77.13074","Independiente","CALLAO","Callao","AV. NESTOR GAMBETTA S/N SUB LOTE 1 A Y SUB LOTE 1, EX FUNDO MARQUEZ (CARRETERA A VENTANILLA, KM. 14.5)","22.39","22.39","0.00","21.25","24.90","43730","2026-09-28"
"Independiente S/ 22.48","-11.826349","-77.128624","Independiente","VENTANILLA","Callao","ASOC. DE VIVIENDA CASA TALLER SANTA MARGARITA MZ L LOTE 3, 4, 5-A","22.48","22.48","0.00","21.10","25.75","138446","2026-09-28"
"Independiente S/ 22.49","-12.051647","-77.13864","Independiente","CALLAO","Callao","AV. ARGENTINA N° 333 Y JR. HUASCAR N° 102 URB. CHACARITAS","22.49","22.49","0.00","20.99","25.99","9576","2026-09-28"
"Independiente S/ 22.49","-12.05201","-77.13837","Independiente","CALLAO","Callao","ESQ. AV. ARGENTINA CON JR. VENEZUELA","22.49","22.49","0.00","20.99","25.99","19933","2026-09-28"
"Independiente S/ 22.49","-11.84927","-77.13708","Independiente","VENTANILLA","Callao","URBANIZACIÓN POPULAR DE INTERÉS SOCIAL PROYECTO ESPECIAL CIUDAD PACHACUTEC MZ”H” LOTES 1 Y 20, SECTOR “F”, BARRIO XIII","22.49","22.49","0.00","21.49","24.99","160967","2026-09-28"
"Independiente S/ 22.50","-11.83118","-77.16805","Independiente","VENTANILLA","Callao","AV. 200 Y AV. 150 IZQUIERDA, MZ. L¿2 LOTE 4, GRUPO RESIDENCIAL B4 SECTOR B PROYECTO PILOTO NUEVO PACHACUTEC","22.50","22.50","0.00","21.50","24.99","116752","2026-09-28"
"Independiente S/ 22.59","-12.066094","-77.122574","Independiente","LA PERLA","Callao","JR. TARATA MZ. 1, LOTE 1, URB. LA PERLA","22.59","22.59","0.00","21.49","25.45","9575","2026-09-28"
"Independiente S/ 22.59","-11.847412","-77.133224","Independiente","VENTANILLA","Callao","ASOCIACIÓN TALLER SEÑOR DE LOS MILAGROS, MZ. B5 LT 02, 03, 04, 05 Y 06","22.59","22.59","0.00","21.59","24.99","96397","2026-09-28"
"Independiente S/ 22.60","-11.8307","-77.16796","Independiente","VENTANILLA","Callao","PROYECTO PILOTO NUEVO PACHACUTEC MZ. K1 LOTE 5A GRUPO RESIDENCIAL B4, SECTOR B","22.60","22.60","0.00","21.60","24.79","162494","2026-09-28"
"Independiente S/ 22.65","-11.930367","-77.11549","Independiente","VENTANILLA","Callao","AV. CENTRAL MZ 43 LT. D URB. PARQUE INDUSTRIAL PORCINO","22.65","22.65","0.00","21.66","25.01","167836","2026-09-28"
"Independiente S/ 22.69","-11.8817","-77.12617","Independiente","VENTANILLA","Callao","AV. NESTOR GAMBETA KM. 18.26 (ANTES CARRETERA VENTANILLA KM. 5.9)","22.69","22.69","0.00","21.49","24.79","9192","2026-09-28"
"Independiente S/ 22.69","-11.851707","-77.135","Independiente","VENTANILLA","Callao","AV. 200 ESQUINA CON CALLE S/N, MZ. A, LOTE 21 - PARQUE INDUSTRIAL PACHACUTEC","22.69","22.69","0.00","21.78","24.89","105356","2026-09-28"
"Independiente S/ 22.75","-12.018853","-77.0906","Independiente","CALLAO","Callao","AV. LOS DOMINICOS. MZ. 63 LOTES 9 Y 10. URB. PREVI","22.75","22.75","0.00","21.68","24.85","9582","2026-09-28"
"Independiente S/ 22.79","-12.053","-77.1251","Independiente","CALLAO","Callao","MZ. A LOTE 17, ESQUINA AV. ALFREDO PALACIOS CON CALLE SANTA FE","22.79","22.79","0.00","21.59","24.59","96346","2026-09-28"
"Independiente S/ 22.79","-11.869138","-77.12734","Independiente","VENTANILLA","Callao","MZ. I-4, LOTE 05 (ESQUINA AV. PRECURSORES Y JR. LA PAMPILLA), ZONA INDUSTRIAL","22.79","22.79","0.00","21.79","24.79","61014","2026-09-28"
"Independiente S/ 22.79","-11.862507","-77.124794","Independiente","VENTANILLA","Callao","CALLE ALONSO DE MOLINA 279, MZ. I-14 LT. 1 - ZONA INDUSTRIAL VENTANILLA","22.79","22.79","0.00","21.79","24.79","160918","2026-09-28"
"Independiente S/ 22.85","-12.00869","-77.10198","Independiente","CALLAO","Callao","AV. BERTELLO MZ. U LT. 14 URB. ALBINO HERRERA","22.85","22.85","0.00","21.78","24.85","9516","2026-09-28"
"Independiente S/ 22.85","-12.00673","-77.09858","Independiente","CALLAO","Callao","AV. LOS DOMINICOS Y BOCANEGRA MZ. A LT. 20 URB. SESQUICENTENARIO","22.85","22.85","0.00","21.78","24.85","6913","2026-09-28"
"Independiente S/ 22.90","-12.022208","-77.105576","Independiente","CALLAO","Callao","AV. ELMER FAUCETT ESQUINA CON AV. TOMAS VALLE S/N","22.90","22.90","0.00","21.40","24.50","18345","2026-09-28"
"Independiente S/ 22.94","-12.05959","-77.13274","Independiente","BELLAVISTA","Callao","AV. SAENZ PEÑA N° 1100","22.94","22.94","0.00","21.84","24.54","38656","2026-09-28"
"Independiente S/ 22.95","-12.067239","-77.11579","Independiente","LA PERLA","Callao","AV. LA MARINA N° 405-407 ESQ. CON CALLE ALEJANDRO MAGNO, URB. BENJAMIN DOIG LOSSIO","22.95","22.95","0.00","21.79","25.80","9542","2026-09-28"
"Independiente S/ 22.99","-12.017567","-77.098366","Independiente","CALLAO","Callao","AV. TOMAS VALLE INTERSECCIÓN CON AV. PACASMAYO, MZ. C LOTE 1 Y 24 URB. JORGE CHÁVEZ","22.99","22.99","0.00","21.99","25.79","16100","2026-09-28"
"Independiente S/ 22.99","-12.05082","-77.12741","Independiente","CALLAO","Callao","AV. REPUBLICA DE ARGENTINA MZ. K, LT. N° 1 Y N° 2 – URBANIZACION INDUSTRIAL LA CHALACA","22.99","22.99","0.00","20.99","25.49","177262","2026-09-28"
"Independiente S/ 22.99","-12.05514","-77.133446","Independiente","CALLAO","Callao","AV. REPUBLICA DE PANAMÁ MZ. 8, LOTES 5 Y 6, SUB-LOTE 1, URB. CHACARITAS","22.99","22.99","0.00","20.99","24.99","96316","2026-09-28"
"Independiente S/ 22.99","-12.066115","-77.11887","Independiente","LA PERLA","Callao","AV. LA MARINA N° 115 ESQ. CON AV. SANTA ROSA N° 135","22.99","22.99","0.00","21.89","25.99","7770","2026-09-28"
"Independiente S/ 22.99","-12.068071","-77.1582","Independiente","LA PUNTA","Callao","PLAZA GALVEZ S/N","22.99","22.99","0.00","21.99","25.99","6762","2026-09-28"
"AVA S/ 22.99","-11.871835","-77.12705","AVA","VENTANILLA","Callao","AV. PRECURSORES N° 202 (EX CARRETERA A VENTANILLA KM. 5.5)","22.99","22.99","0.00","21.59","25.59","7133","2026-09-28"
"Repsol S/ 22.99","-11.996818","-77.12426","Repsol","CALLAO","Callao","AV. ELMER FAUCETT 6000 Y ESQUINA CON NESTOR GAMBETA S/N","22.99","25.99","3.00","23.99","27.99","16636","2026-09-28"
"Independiente S/ 23.00","-12.022111","-77.10551","Independiente","CALLAO","Callao","CRUCE AV. TOMAS VALLE Y ELMER FAUCETT","23.00","23.00","0.00","21.80","25.70","18413","2026-09-28"
"Independiente S/ 23.00","-12.070209","-77.10998","Independiente","LA PERLA","Callao","AV. LA MARINA N° 3805","23.00","23.00","0.00","21.70","25.90","7166","2026-09-28"
"Independiente S/ 23.29","-12.049049","-77.104126","Independiente","CALLAO","Callao","AV. ARGENTINA 3990","23.29","23.29","0.00","21.79","","64044","2026-09-28"
"Primax S/ 23.29","-12.030923","-77.0954","Primax","CALLAO","Callao","ESQ. AV. QUILCA CON CALLE 10 - URB. SAN ALFONSO SANTA IRENE, MZ. A, LT. 01 Y 02","23.29","24.29","1.00","21.65","26.95","64257","2026-09-28"
"Independiente S/ 23.42","-12.064543","-77.11238","Independiente","LA PERLA","Callao","AV. VENEZUELA 1050","23.42","23.42","0.00","22.47","25.80","7319","2026-09-28"
"Independiente S/ 23.47","-12.00309","-77.10492","Independiente","CALLAO","Callao","MZ. D, LTS. 3 - 4, URB. LAS COLINAS 1RA. ETAPA","23.47","23.47","0.00","22.47","25.07","21034","2026-09-28"
"Independiente S/ 23.49","-12.048708","-77.13511","Independiente","CALLAO","Callao","AV. CONTRALMIRANTE MORA N° 299, ESQUINA CON CALLE SEGUNDA, URB. CHACARITA","23.49","23.49","0.00","21.99","24.19","45029","2026-09-28"
"Independiente S/ 23.49","-11.9992","-77.1217","Independiente","CALLAO","Callao","AV. ELMER FAUCETT N° 5395","23.49","23.49","0.00","21.99","25.59","8958","2026-09-28"
"Independiente S/ 23.49","-12.001316","-77.10621","Independiente","CALLAO","Callao","AV. PACASMAYO Y AV. COLECTORA, MZ “O”, LOTES 16A, 21A, 22, 22A, 23, 24 Y 25 ASOCIACIÓN PRO – VIVIENDA DE LOS TRABAJADORES PUERTO CALLAO II ETAPA","23.49","23.49","0.00","22.49","25.39","33410","2026-09-28"
"Independiente S/ 23.66","-11.96746","-77.1218","Independiente","CALLAO","Callao","AV. LOS ALISOS, ESQUINA CON AV. MANUEL MUJICA GALLO LT 1A, 1, 2, 3, 4, 5 Y 36 MZ. A, PROGRAMA DE VIVIENDA Y COMERCIO “RESIDENCIAL EL ROSARIO”","23.66","23.66","0.00","22.35","24.93","137892","2026-09-28"
"Independiente S/ 23.79","-11.998251","-77.122444","Independiente","CALLAO","Callao","AV. ELMER FAUCETT Nº 5482","23.79","23.79","0.00","21.79","25.59","18569","2026-09-28"
"Independiente S/ 23.79","-12.035836","-77.097275","Independiente","CALLAO","Callao","AV. QUILCA S/N CUADRA 11, MZ. E, LT. 29, RESIDENCIAL AEROPUERTO, ESQ. CALLE SATURNO Y NEPTUNO","23.79","23.79","0.00","21.43","25.93","20980","2026-09-28"
"Independiente S/ 23.95","-11.985623","-77.12567","Independiente","CALLAO","Callao","AV. NESTOR GAMBETA, ESQUINA CALLE N° 6, SUB LOTE 01, URB. INDUSTRIAL OQUENDO","23.95","23.95","0.00","21.95","27.39","16631","2026-09-28"
"Independiente S/ 24.39","-12.03845","-77.1274","Independiente","CALLAO","Callao","AV. NESTOR GAMBETA N° 1295","24.39","24.39","0.00","23.39","27.99","7528","2026-09-28"
"Independiente S/ 27.99","-12.045619","-77.09883","Independiente","CALLAO","Callao","AV. ELMER FAUCETT 735-739","27.99","27.99","0.00","26.99","28.99","91594","2026-09-28"