codigo_osinergmin,marca,razon_social,zona,distrito,direccion,lat,lon,premium_lista,descuento,premium_final,regular_lista,diesel_lista
"8003","Repsol","REPSOL COMERCIAL S.A.C.","CALLAO","CALLAO","AV. REPUBLICA DE ARGENTINA Nº 2920","-12.050052","-77.1137","23.99","3","20.99","22.39","27.99"
"9535","Repsol","REPSOL COMERCIAL SAC","CALLAO","BELLAVISTA","AV. ALMIRANTE GRAU N° 1300, ESQUINA CON LA CALLE VIGIL N° 335-355 (AV. BUENOS AIRES, ESQUINA CON LA CALLE VIGIL)","-12.061564","-77.1339","23.99","3","20.99","22.39","27.99"
"14583","Repsol","REPSOL COMERCIAL S.A.C.","CALLAO","BELLAVISTA","INTERSECCION DE AV. OSCAR R. BENAVIDES N° 4600 Y AV. SAN JOSE URB. SAN JOSE","-12.053349","-77.09552","23.99","3","20.99","22.39","27.99"
"117443","Independiente","ENERGIGAS S.A.C.","CALLAO","CALLAO","AV. GUARDIA CHALACA MZ. 24 LOTE 17, ESQUINA CON AV. SAENZ PEÑA, URB. SANTA MARIA","-12.058858","-77.12862","21.19","0","21.19","19.99","23.99"
"15211","Repsol","REPSOL COMERCIAL S.A.C","CALLAO","CALLAO","AV. TOMAS VALLE, ESQ. CON AV. LOS DOMINICOS - URB. JORGE CHAVEZ","-12.014078","-77.09527","24.39","3","21.39","22.19","27.99"
"9531","Repsol","REPSOL COMERCIAL S.A.C.","CALLAO","CALLAO","AV. CORONEL NESTOR GAMBETTA N° 10548","-11.941226","-77.13078","24.39","3","21.39","22.19","27.99"
"20125","Repsol","REPSOL COMERCIAL S.A.C.","CALLAO","CALLAO","AV. NESTOR GAMBETTA N° 115","-12.050311","-77.12641","24.39","3","21.39","22.39","27.99"
"18553","Repsol","REPSOL COMERCIAL SAC","CALLAO","CARMEN DE LA LEGUA REYNOSO","AV. ELMER FAUCETT N° 377","-12.05","-77.09849","24.39","3","21.39","22.39","27.99"
"150207","Repsol","REPSOL COMERCIAL S.A.C.","CALLAO","VENTANILLA","AUTOPISTA HACIA VENTANILLA (AV. NESTOR GAMBETTA), SUB PARCELA A6-2B-1","-11.921436","-77.12796","24.39","3","21.39","22.99","27.99"
"21057","COESTI (Primax)","COESTI S.A.","CALLAO","CALLAO","AV. MARCO POLO S/N ESQ. JR. ALBERTO SECADA N* 474","-12.063315","-77.142944","22.45","1","21.45","21.15","25.45"
"9634","Independiente","WAMBLA ENERGY GROUP S.A.C.","CALLAO","CALLAO","AV. CONTRALMIRANTE MORA N° 215 - 221","-12.049962","-77.13469","21.49","0","21.49","20.39","24.59"
"15727","Independiente","SERVICENTRO TOKIO E.I.R.L.","CALLAO","BELLAVISTA","ESQ. AV. GUARDIA CHALACA Y AV. SAENZ PEÑA N° 1513 - 1531","-12.059167","-77.12747","21.49","0","21.49","20.46","24.58"
"147378","COESTI (Primax)","COESTI SA","CALLAO","CALLAO","AV. NESTOR GAMBETTA Y AV. LOS ALISOS MZ. A LOTES 06 Y 07 SECCION C PARCELA 2, EX FUNDO OQUENDO KM 8.5 CARRETERA A VENTANILLA","-11.964085","-77.12633","22.89","1","21.89","21.45","25.95"
"158979","COESTI (Primax)","COESTI S.A.","CALLAO","CALLAO","AV. NÉSTOR GAMBETTA ESQUINA CALLE Nº 01 MZ A LOTES 01 Y 02 PROGRAMA DE VIVIENDA “ACUARIO”","-11.981011","-77.124756","22.89","1","21.89","21.45","25.95"
"6890","Independiente","PETRO 2 DE MAYO S.A.C.","CALLAO","CALLAO","AV. DOS DE MAYO Nº 285, ESQ. CON JR. SUCRE","-12.059526","-77.1431","21.92","0","21.92","20.95","24.93"
"9525","Independiente","PETRO CALLAO S.A.C.","CALLAO","CALLAO","AV. ARGENTINA N° 498, URB. CHACARITAS","-12.051473","-77.13764","21.95","0","21.95","20.95","24.95"
"106020","Independiente","ESTACION DE SERVICIOS FECASA S.A.C.","CALLAO","CALLAO","ESQUINA AV. 200 CON CALLE 32 MZ K, LOTE 1 Y 26, ASENTAMIENTO HUMANO JAIME JOSHIYAMA.","-11.833459","-77.157715","21.99","0","21.99","20.99","24.89"
"6768","Independiente","ALLE ESTACIONES S.A.C.","CALLAO","CALLAO","AV. ARGENTINA N° 2045","-12.0503","-77.1212","21.99","0","21.99","","24.89"
"9588","COESTI (Primax)","COESTI S.A","CALLAO","CALLAO","AV. ARGENTINA N° 4247","-12.048769","-77.1006","22.99","1","21.99","21.15","25.99"
"171382","COESTI (Primax)","COESTI S.A.","CALLAO","CALLAO","MZ D. LOTE 1, URB. PROGRESIVA LAS ORQUIDEAS II ETAPA","-11.985128","-77.12203","22.99","1","21.99","21.35","25.95"
"171680","COESTI (Primax)","COESTI S.A.","CALLAO","VENTANILLA","PARCELA “A” ALTURA KM 8 DE LA CARRETERA CALLAO - VENTANILLA","-11.903967","-77.129234","22.99","1","21.99","21.49","25.99"
"64466","Independiente","ESTACÓN DE SERVICIOS LA UNIÓN","CALLAO","VENTANILLA","AV. CAMINO DEL INCA Y LA CALLE N° 13, MZ.I, LT.9,10, 11 Y 12 SECTOR E, BARRIO X, UPIS PROYECTO ESPECIAL CIUDAD PACHACUTEC.","-11.843777","-77.15197","22","0","22","20.8","24.7"
"167244","Independiente","SIRCON PACHACUTEC E.I.R.L.","CALLAO","VENTANILLA","AV. G (AV. 200) ESQ. CON CALLE 19 Y CALLE 20 PROYECTO PILOTO NUEVO PACHACUTEC","-11.83501","-77.15105","22","0","22","20.8","24.7"
"124175","Independiente","ESTACION DE SERVICIO NONATO","CALLAO","VENTANILLA","AV. LOS ARQUITECTOS S/N MZ A LOTES 10-12 SECTOR G BARRIO XV GRUPO RESIDENCIAL 4, PROYECTO ESPECIAL PACHACUTEC","-11.836557","-77.138245","22","0","22","20.8","24.7"
"105730","Independiente","SIRCON ENERGY EIRL","CALLAO","VENTANILLA","AV. NESTOR GAMBETA KM. 6.5","-11.888504","-77.12589","22","0","22","20.8","24.7"
"15725","COESTI (Primax)","COESTI SA","CALLAO","LA PERLA","AV. LA PAZ N° 2326","-12.075922","-77.11469","23.09","1","22.09","21.75","26.35"
"174638","Independiente","MAXITRUCK PERU S.A.C.","CALLAO","VENTANILLA","URB. POPULAR DE INTERES SOCIAL PARCELA MINI PARQUE INDUSTRIAL CERRO CACHITO MZ B LOTE 7","-11.85229","-77.15391","22.19","0","22.19","20.89","24.79"
"16712","Independiente","INVERSIONES BJL S.A.C.","CALLAO","BELLAVISTA","AV. JOSE GALVEZ N° 501","-12.066894","-77.128654","22.2","0","22.2","21","24.9"
"44489","Independiente","SERVICENTRO BIZARRO E.I.R.L.","CALLAO","VENTANILLA","ESQ. AV. LOS ARQUITECTOS Y AV. 225, MZ. A, LOTES 01, 23 Y 24. AA.HH. UPIS - CIUDAD PACHACUTEC","-11.838066","-77.13936","22.3","0","22.3","21","24.8"
"39856","Independiente","ESTACION 715 GAMBETA","CALLAO","CALLAO","AV. NÉSTOR GAMBETA KM. 7.1, MZ. B-6, LOTES 1,2,3,4,5,6,7,8,43,44,45 Y 46, ESQUINA CON CALLE BRASILIA COOP. DE VIVIENDA DE LOS TRABAJADORES DE ENAPU","-11.978011","-77.1246","22.38","0","22.38","21.27","24.95"
"43730","Independiente","HFK COMBUSTIBLES S.A.C.","CALLAO","CALLAO","AV. NESTOR GAMBETTA S/N SUB LOTE 1 A Y SUB LOTE 1, EX FUNDO MARQUEZ (CARRETERA A VENTANILLA, KM. 14.5)","-11.938191","-77.13074","22.39","0","22.39","21.25","24.9"
"138446","Independiente","GRIFOS Y TRANSPORTES VENEZUELA S.A.C.","CALLAO","VENTANILLA","ASOC. DE VIVIENDA CASA TALLER SANTA MARGARITA MZ L LOTE 3, 4, 5-A","-11.826349","-77.128624","22.48","0","22.48","21.1","25.75"
"9576","Independiente","PETRONEX PERU SOCIEDAD ANONIMA CERRADA","CALLAO","CALLAO","AV. ARGENTINA N° 333 Y JR. HUASCAR N° 102 URB. CHACARITAS","-12.051647","-77.13864","22.49","0","22.49","20.99","25.99"
"19933","Independiente","MULTISERVICIOS ECOGAS S.A.C.","CALLAO","CALLAO","ESQ. AV. ARGENTINA CON JR. VENEZUELA","-12.05201","-77.13837","22.49","0","22.49","20.99","25.99"
"160967","Independiente","MAXITRUCK PERU S.A.C.","CALLAO","VENTANILLA","URBANIZACIÓN POPULAR DE INTERÉS SOCIAL PROYECTO ESPECIAL CIUDAD PACHACUTEC MZ”H” LOTES 1 Y 20, SECTOR “F”, BARRIO XIII","-11.84927","-77.13708","22.49","0","22.49","21.49","24.99"
"116752","Independiente","SERVICENTRO BIZARRO","CALLAO","VENTANILLA","AV. 200 Y AV. 150 IZQUIERDA, MZ. L¿2 LOTE 4, GRUPO RESIDENCIAL B4 SECTOR B PROYECTO PILOTO NUEVO PACHACUTEC","-11.83118","-77.16805","22.5","0","22.5","21.5","24.99"
"9575","Independiente","RED DE COMBUSTIBLES LIQUIDOS S.A.C.","CALLAO","LA PERLA","JR. TARATA MZ. 1, LOTE 1, URB. LA PERLA","-12.066094","-77.122574","22.59","0","22.59","21.49","25.45"
"96397","Independiente","PRIXTONE E.I.R.L.","CALLAO","VENTANILLA","ASOCIACIÓN TALLER SEÑOR DE LOS MILAGROS, MZ. B5 LT 02, 03, 04, 05 Y 06","-11.847412","-77.133224","22.59","0","22.59","21.59","24.99"
"162494","Independiente","INVERSIONES PDP S.A.C.","CALLAO","VENTANILLA","PROYECTO PILOTO NUEVO PACHACUTEC MZ. K1 LOTE 5A GRUPO RESIDENCIAL B4, SECTOR B","-11.8307","-77.16796","22.6","0","22.6","21.6","24.79"
"167836","Independiente","CELESTE 2 S.A.C.","CALLAO","VENTANILLA","AV. CENTRAL MZ 43 LT. D URB. PARQUE INDUSTRIAL PORCINO","-11.930367","-77.11549","22.65","0","22.65","21.66","25.01"
"9192","Independiente","PROSERVICIOS INTEGRADOS EN GAS SAC","CALLAO","VENTANILLA","AV. NESTOR GAMBETA KM. 18.26 (ANTES CARRETERA VENTANILLA KM. 5.9)","-11.8817","-77.12617","22.69","0","22.69","21.49","24.79"
"105356","Independiente","MULTISERVIS LAS LOMAS E.I.R.L","CALLAO","VENTANILLA","AV. 200 ESQUINA CON CALLE S/N, MZ. A, LOTE 21 - PARQUE INDUSTRIAL PACHACUTEC","-11.851707","-77.135","22.69","0","22.69","21.78","24.89"
"9582","Independiente","GRIFO DENNIS S.A.C.","CALLAO","CALLAO","AV. LOS DOMINICOS. MZ. 63 LOTES 9 Y 10. URB. PREVI","-12.018853","-77.0906","22.75","0","22.75","21.68","24.85"
"96346","Independiente","VAL HIDROCARBUROS S.A.C.","CALLAO","CALLAO","MZ. A LOTE 17, ESQUINA AV. ALFREDO PALACIOS CON CALLE SANTA FE","-12.053","-77.1251","22.79","0","22.79","21.59","24.59"
"61014","Independiente","INVERSIONES BJL S.A.C.","CALLAO","VENTANILLA","MZ. I-4, LOTE 05 (ESQUINA AV. PRECURSORES Y JR. LA PAMPILLA), ZONA INDUSTRIAL","-11.869138","-77.12734","22.79","0","22.79","21.79","24.79"
"160918","Independiente","VIRTUAL GAS S.A.C.","CALLAO","VENTANILLA","CALLE ALONSO DE MOLINA 279, MZ. I-14 LT. 1 - ZONA INDUSTRIAL VENTANILLA","-11.862507","-77.124794","22.79","0","22.79","21.79","24.79"
"9516","Independiente","GRIFO DENNIS S.A.C.","CALLAO","CALLAO","AV. BERTELLO MZ. U LT. 14 URB. ALBINO HERRERA","-12.00869","-77.10198","22.85","0","22.85","21.78","24.85"
"6913","Independiente","GRIFO DENNIS S.A.C.","CALLAO","CALLAO","AV. LOS DOMINICOS Y BOCANEGRA MZ. A LT. 20 URB. SESQUICENTENARIO","-12.00673","-77.09858","22.85","0","22.85","21.78","24.85"
"18345","Independiente","ESTACION DE SERVICIOS AEROPUERTO S.R.L.","CALLAO","CALLAO","AV. ELMER FAUCETT ESQUINA CON AV. TOMAS VALLE S/N","-12.022208","-77.105576","22.9","0","22.9","21.4","24.5"
"38656","Independiente","ESTACION DE SERVICIOS SAN JOSE S.A.C.","CALLAO","BELLAVISTA","AV. SAENZ PEÑA N° 1100","-12.05959","-77.13274","22.94","0","22.94","21.84","24.54"
"9542","Independiente","ESTACION DE SERVICIOS LA MARINA","CALLAO","LA PERLA","AV. LA MARINA N° 405-407 ESQ. CON CALLE ALEJANDRO MAGNO, URB. BENJAMIN DOIG LOSSIO","-12.067239","-77.11579","22.95","0","22.95","21.79","25.8"
"16100","Independiente","PETRONEX PERU SOCIEDAD ANONIMA CERRADA","CALLAO","CALLAO","AV. TOMAS VALLE INTERSECCIÓN CON AV. PACASMAYO, MZ. C LOTE 1 Y 24 URB. JORGE CHÁVEZ","-12.017567","-77.098366","22.99","0","22.99","21.99","25.79"
"177262","Independiente","ONCAP S.A.C.","CALLAO","CALLAO","AV. REPUBLICA DE ARGENTINA MZ. K, LT. N° 1 Y N° 2 – URBANIZACION INDUSTRIAL LA CHALACA","-12.05082","-77.12741","22.99","0","22.99","20.99","25.49"
"96316","Independiente","GAZEL PERU SAC","CALLAO","CALLAO","AV. REPUBLICA DE PANAMÁ MZ. 8, LOTES 5 Y 6, SUB-LOTE 1, URB. CHACARITAS","-12.05514","-77.133446","22.99","0","22.99","20.99","24.99"
"7770","Independiente","EDS OVALO LA PERLA","CALLAO","LA PERLA","AV. LA MARINA N° 115 ESQ. CON AV. SANTA ROSA N° 135","-12.066115","-77.11887","22.99","0","22.99","21.89","25.99"
"6762","Independiente","FLD S.A.C","CALLAO","LA PUNTA","PLAZA GALVEZ S/N","-12.068071","-77.1582","22.99","0","22.99","21.99","25.99"
"7133","AVA (Global Fuel)","GLOBAL FUEL S.A.","CALLAO","VENTANILLA","AV. PRECURSORES N° 202 (EX CARRETERA A VENTANILLA KM. 5.5)","-11.871835","-77.12705","22.99","0","22.99","21.59","25.59"
"16636","Repsol","REPSOL COMERCIAL S.A.C.","CALLAO","CALLAO","AV. ELMER FAUCETT 6000 Y ESQUINA CON NESTOR GAMBETA S/N","-11.996818","-77.12426","25.99","3","22.99","23.99","27.99"
"18413","Independiente","GRIFO ESCORPIO S.R.L.","CALLAO","CALLAO","CRUCE AV. TOMAS VALLE Y ELMER FAUCETT","-12.022111","-77.10551","23","0","23","21.8","25.7"
"7166","Independiente","GRIFO JUAN PABLO II EIRL","CALLAO","LA PERLA","AV. LA MARINA N° 3805","-12.070209","-77.10998","23","0","23","21.7","25.9"
"64044","Independiente","GRIFO ARGENTINA S.A.C.- GASAC","CALLAO","CALLAO","AV. ARGENTINA 3990","-12.049049","-77.104126","23.29","0","23.29","21.79",""
"64257","COESTI (Primax)","COESTI S.A","CALLAO","CALLAO","ESQ. AV. QUILCA CON CALLE 10 - URB. SAN ALFONSO SANTA IRENE, MZ. A, LT. 01 Y 02","-12.030923","-77.0954","24.29","1","23.29","21.65","26.95"
"7319","Independiente","AUTO SERVICIO LA PERLA S.A.","CALLAO","LA PERLA","AV. VENEZUELA 1050","-12.064543","-77.11238","23.42","0","23.42","22.47","25.8"
"21034","Independiente","GASCORVILL S.A.C.","CALLAO","CALLAO","MZ. D, LTS. 3 - 4, URB. LAS COLINAS 1RA. ETAPA","-12.00309","-77.10492","23.47","0","23.47","22.47","25.07"
"45029","Independiente","ADMINISTRACION DE GRIFOS LEP S.A.C.","CALLAO","CALLAO","AV. CONTRALMIRANTE MORA N° 299, ESQUINA CON CALLE SEGUNDA, URB. CHACARITA","-12.048708","-77.13511","23.49","0","23.49","21.99","24.19"
"8958","Independiente","GRIFO LOS PORTALES SOCIEDAD ANONIMA CERRADA","CALLAO","CALLAO","AV. ELMER FAUCETT N° 5395","-11.9992","-77.1217","23.49","0","23.49","21.99","25.59"
"33410","Independiente","ESTACION DE SERVICIOS GRIFO ALAMO E.I.R.L.","CALLAO","CALLAO","AV. PACASMAYO Y AV. COLECTORA, MZ “O”, LOTES 16A, 21A, 22, 22A, 23, 24 Y 25 ASOCIACIÓN PRO – VIVIENDA DE LOS TRABAJADORES PUERTO CALLAO II ETAPA","-12.001316","-77.10621","23.49","0","23.49","22.49","25.39"
"137892","Independiente","SERVICENTRO ENERGI PERU J & N S.A.C.","CALLAO","CALLAO","AV. LOS ALISOS, ESQUINA CON AV. MANUEL MUJICA GALLO LT 1A, 1, 2, 3, 4, 5 Y 36 MZ. A, PROGRAMA DE VIVIENDA Y COMERCIO “RESIDENCIAL EL ROSARIO”","-11.96746","-77.1218","23.66","0","23.66","22.35","24.93"
"18569","Independiente","AGUKI COMBUSTIBLES LIQUIDOS S.A.","CALLAO","CALLAO","AV. ELMER FAUCETT Nº 5482","-11.998251","-77.122444","23.79","0","23.79","21.79","25.59"
"20980","Independiente","SERVICENTRO CELESTE S.A.","CALLAO","CALLAO","AV. QUILCA S/N CUADRA 11, MZ. E, LT. 29, RESIDENCIAL AEROPUERTO, ESQ. CALLE SATURNO Y NEPTUNO","-12.035836","-77.097275","23.79","0","23.79","21.43","25.93"
"16631","Independiente","SERVICENTRO LA PAMPILLA SOCIEDAD COMERCIAL DE RESPONSABILIDAD LIMITADA-SERVICENTRO LA PAMPILLA S.R.L","CALLAO","CALLAO","AV. NESTOR GAMBETA, ESQUINA CALLE N° 6, SUB LOTE 01, URB. INDUSTRIAL OQUENDO","-11.985623","-77.12567","23.95","0","23.95","21.95","27.39"
"7528","Independiente","ESTACIÓN DE SERVICIOS GAMBETTA","CALLAO","CALLAO","AV. NESTOR GAMBETA N° 1295","-12.03845","-77.1274","24.39","0","24.39","23.39","27.99"
"91594","Independiente","OCORIS 3 S.A.C.","CALLAO","CALLAO","AV. ELMER FAUCETT 735-739","-12.045619","-77.09883","27.99","0","27.99","26.99","28.99"